[{"id":"user-image-8ef955c5-6288-4e53-ac9f-43c01939eb09.jpg","publicUrl":"np://user.desktop.nicepage.com/Site_70144075/images/8ef955c5-6288-4e53-ac9f-43c01939eb09.jpg","size":161145,"hash":"68Ecsodf75FFiMnZg/sE2KLHjgQ=","fileName":"8ef955c5-6288-4e53-ac9f-43c01939eb09.jpg","name":"8ef955c5-6288-4e53-ac9f-43c01939eb09","width":1280,"height":720,"thumbnail":{"url":"np://user.desktop.nicepage.com/Site_70144075/images/thumbnails/8ef955c5-6288-4e53-ac9f-43c01939eb09.jpg","width":250,"height":141},"folderId":null,"originalUrl":"//images01.nicepagecdn.com/c461c07a441a5d220e8feb1a/24603cd782245767bd392073/8ef955c5-6288-4e53-ac9f-43c01939eb09.jpg","usages":["280168218"]}]