[{"id":1504003757,"title":"Blog Template","order":1,"templateKey":"blog","customTemplate":false,"customTemplateFilename":null,"pageLinks":[],"dateCreated":"2024-05-08T06:57:39.860Z","dateUpdated":"2024-05-08T06:57:40.535Z","folderId":null,"pageName":"Blog Template","serverPageId":null,"sectionCount":1,"status":2,"backwardUrl":null},{"id":62199575,"title":"Post Template","order":2,"templateKey":"post","customTemplate":false,"customTemplateFilename":null,"pageLinks":[],"dateCreated":"2024-05-08T06:57:39.936Z","dateUpdated":"2024-05-08T06:57:40.535Z","folderId":null,"pageName":"Post Template","serverPageId":null,"sectionCount":1,"status":2,"backwardUrl":null},{"id":181270679,"title":"Product List Template","order":3,"templateKey":"products","customTemplate":false,"customTemplateFilename":null,"pageLinks":[],"dateCreated":"2024-05-08T06:57:40.013Z","dateUpdated":"2024-05-08T06:57:40.535Z","folderId":null,"pageName":"Product List Template","serverPageId":null,"sectionCount":1,"status":2,"backwardUrl":null},{"id":1989327168,"title":"Product Details Template","order":4,"templateKey":"product","customTemplate":false,"customTemplateFilename":null,"pageLinks":[],"dateCreated":"2024-05-08T06:57:40.078Z","dateUpdated":"2024-05-08T06:57:40.535Z","folderId":null,"pageName":"Product Details Template","serverPageId":null,"sectionCount":1,"status":2,"backwardUrl":null},{"id":76776607,"title":"Shopping Cart Template","order":5,"templateKey":"cart","customTemplate":false,"customTemplateFilename":null,"pageLinks":[],"dateCreated":"2024-05-08T06:57:40.135Z","dateUpdated":"2024-05-08T06:57:40.535Z","folderId":null,"pageName":"Shopping Cart Template","serverPageId":null,"sectionCount":1,"status":2,"backwardUrl":null},{"id":799618582,"title":"Checkout Template","order":6,"templateKey":"checkout","customTemplate":false,"customTemplateFilename":null,"pageLinks":[],"dateCreated":"2024-05-08T06:57:40.210Z","dateUpdated":"2024-05-08T06:57:40.535Z","folderId":null,"pageName":"Checkout Template","serverPageId":null,"sectionCount":1,"status":2,"backwardUrl":null},{"id":70807305,"title":"Login Template","order":7,"templateKey":"login","customTemplate":false,"customTemplateFilename":null,"pageLinks":[],"dateCreated":"2024-05-08T06:57:40.255Z","dateUpdated":"2024-05-08T06:57:40.536Z","folderId":null,"pageName":"Login Template","serverPageId":null,"sectionCount":1,"status":2,"backwardUrl":null},{"id":942312152,"title":"Page Password Template","order":8,"templateKey":"password","customTemplate":false,"customTemplateFilename":null,"pageLinks":[],"dateCreated":"2024-05-08T06:57:40.287Z","dateUpdated":"2024-05-08T06:57:40.536Z","folderId":null,"pageName":"Page Password Template","serverPageId":null,"sectionCount":1,"status":2,"backwardUrl":null},{"id":70487503,"title":"404 Not Found Template","order":9,"templateKey":"404","customTemplate":false,"customTemplateFilename":null,"pageLinks":[],"dateCreated":"2024-05-08T06:57:40.316Z","dateUpdated":"2024-05-08T06:57:40.536Z","folderId":null,"pageName":"404 Not Found Template","serverPageId":null,"sectionCount":1,"status":2,"backwardUrl":null},{"id":739217654,"title":"Thank You Page Template","order":10,"templateKey":"ThankYou","customTemplate":false,"customTemplateFilename":null,"pageLinks":[],"dateCreated":"2024-05-08T06:57:40.342Z","dateUpdated":"2024-05-08T06:57:40.536Z","folderId":null,"pageName":"Thank You Page Template","serverPageId":null,"sectionCount":1,"status":2,"backwardUrl":null},{"id":280168218,"title":"Home","order":50,"templateKey":null,"customTemplate":false,"customTemplateFilename":null,"pageLinks":[],"dateCreated":"2024-05-08T06:58:21.756Z","dateUpdated":"2024-05-24T07:51:38.940Z","folderId":null,"pageName":"Home_280168218","serverPageId":null,"sectionCount":2,"status":2,"backwardUrl":null},{"id":422901020,"title":"About","order":100,"templateKey":null,"customTemplate":false,"customTemplateFilename":null,"pageLinks":[],"dateCreated":"2024-05-08T06:57:40.362Z","dateUpdated":"2024-05-08T06:57:40.536Z","folderId":null,"pageName":"About_422901020","serverPageId":null,"sectionCount":1,"status":2,"backwardUrl":null},{"id":99378861,"title":"Contact","order":101,"templateKey":null,"customTemplate":false,"customTemplateFilename":null,"pageLinks":[],"dateCreated":"2024-05-08T06:57:40.380Z","dateUpdated":"2024-05-08T06:57:40.536Z","folderId":null,"pageName":"Contact_99378861","serverPageId":null,"sectionCount":1,"status":2,"backwardUrl":null}]